{
  "project_info": {
    "project_number": "343184930565",
    "project_id": "my-coach-project-951b9",
    "storage_bucket": "my-coach-project-951b9.appspot.com"
  },
  "client": [
    {
      "client_info": {
        "mobilesdk_app_id": "1:343184930565:android:be1e4375bd4c36aa4e296c",
        "android_client_info": {
          "package_name": "com.example.mycoach"
        }
      },
      "oauth_client": [],
      "api_key": [
        {
          "current_key": "AIzaSyDGyihtgEAoY122YxEViEGwKfHKYE7vpuI"
        }
      ],
      "services": {
        "appinvite_service": {
          "other_platform_oauth_client": []
        }
      }
    }
  ],
  "configuration_version": "1"
}